path,label
73/1.png,1
73/2.png,1
73/3.png,1
73/4.png,1
73/5.png,1
73/6.png,1
73/7.png,1
73/8.png,1
73/9.png,1
73/10.png,1
73/11.png,1
73/12.png,1
73/13.png,1
73/14.png,1
73/15.png,1
73/16.png,1
73/17.png,1
73/18.png,1
73/19.png,1
73/20.png,1
73/21.png,1
73/22.png,1
73/23.png,1
73/24.png,1
73/25.png,1
73/26.png,1
73/27.png,1
73/28.png,1
73/29.png,1
73/30.png,1
73/31.png,1
73/32.png,1
73/33.png,1
73/34.png,1
73/35.png,1
73/36.png,1
73/37.png,1
73/38.png,1
73/39.png,1
73/40.png,1
73/41.png,1
73/42.png,1
73/43.png,1
73/44.png,1
73/45.png,1
73/46.png,1
73/47.png,1
73/48.png,1
73/49.png,1
73/50.png,1
73/51.png,1
73/52.png,1
73/53.png,1
73/54.png,1
73/55.png,1
73/56.png,1
73/57.png,1
73/58.png,1
73/59.png,1
73/60.png,1
73/61.png,1
73/62.png,1
73/63.png,1
73/64.png,1
73/65.png,1
73/66.png,1
73/67.png,1
73/68.png,1
73/69.png,1
73/70.png,1
73/71.png,1
73/72.png,1
73/73.png,1
73/74.png,1
73/75.png,1
73/76.png,1
73/77.png,1
73/78.png,1
73/79.png,1
73/80.png,1
73/81.png,1
73/82.png,1
73/83.png,1
73/84.png,1
73/85.png,1
73/86.png,1
73/87.png,1
73/88.png,1
73/89.png,1
73/90.png,1
73/91.png,1
73/92.png,1
73/93.png,1
73/94.png,1
73/95.png,1
73/96.png,1
73/97.png,1
73/98.png,2
73/99.png,2
73/100.png,2
73/101.png,2
73/102.png,2
73/103.png,2
73/104.png,2
73/105.png,2
73/106.png,2
73/107.png,2
73/108.png,2
73/109.png,2
73/110.png,2
73/111.png,2
73/112.png,2
73/113.png,2
73/114.png,2
73/115.png,2
73/116.png,2
73/117.png,2
73/118.png,2
73/119.png,2
73/120.png,2
73/121.png,2
73/122.png,2
73/123.png,2
73/124.png,2
73/125.png,2
73/126.png,2
73/127.png,2
73/128.png,2
73/129.png,2
73/130.png,2
73/131.png,2
73/132.png,2
73/133.png,2
73/134.png,2
73/135.png,2
73/136.png,2
73/137.png,2
73/138.png,2
73/139.png,2
73/140.png,2
73/141.png,2
73/142.png,2
73/143.png,2
73/144.png,2
73/145.png,2
73/146.png,2
73/147.png,2
73/148.png,2
73/149.png,2
73/150.png,2
73/151.png,2
73/152.png,2
73/153.png,2
73/154.png,2
73/155.png,2
73/156.png,2
73/157.png,2
73/158.png,2
73/159.png,2
73/160.png,2
73/161.png,2
73/162.png,2
73/163.png,2
73/164.png,2
73/165.png,2
73/166.png,2
73/167.png,2
73/168.png,2
73/169.png,2
73/170.png,2
73/171.png,2
73/172.png,2
73/173.png,2
73/174.png,2
73/175.png,2
73/176.png,2
73/177.png,2
73/178.png,2
73/179.png,2
73/180.png,2
73/181.png,2
73/182.png,2
73/183.png,2
73/184.png,2
73/185.png,2
73/186.png,2
73/187.png,2
73/188.png,2
73/189.png,2
73/190.png,2
73/191.png,2
73/192.png,2
73/193.png,2
73/194.png,2
73/195.png,2
73/196.png,2
73/197.png,2
73/198.png,2
73/199.png,2
73/200.png,2
73/201.png,2
73/202.png,2
73/203.png,2
73/204.png,2
73/205.png,2
73/206.png,2
73/207.png,2
73/208.png,2
73/209.png,2
73/210.png,2
73/211.png,2
73/212.png,2
73/213.png,2
73/214.png,2
73/215.png,2
73/216.png,2
73/217.png,2
73/218.png,2
73/219.png,2
73/220.png,2
73/221.png,2
73/222.png,2
73/223.png,2
73/224.png,2
73/225.png,2
73/226.png,2
73/227.png,2
73/228.png,2
73/229.png,2
73/230.png,2
73/231.png,2
73/232.png,2
73/233.png,2
73/234.png,2
73/235.png,2
73/236.png,2
73/237.png,2
73/238.png,2
73/239.png,2
73/240.png,2
73/241.png,2
73/242.png,2
73/243.png,2
73/244.png,2
73/245.png,2
73/246.png,2
73/247.png,2
73/248.png,2
73/249.png,2
73/250.png,2
73/251.png,2
73/252.png,2
73/253.png,2
73/254.png,2
73/255.png,2
73/256.png,2
73/257.png,2
73/258.png,2
73/259.png,2
73/260.png,2
73/261.png,2
73/262.png,2
73/263.png,2
73/264.png,2
73/265.png,2
73/266.png,2
73/267.png,2
73/268.png,2
73/269.png,2
73/270.png,2
73/271.png,2
73/272.png,2
73/273.png,2
73/274.png,2
73/275.png,2
73/276.png,2
73/277.png,2
73/278.png,2
73/279.png,2
73/280.png,2
73/281.png,2
73/282.png,2
73/283.png,2
73/284.png,2
73/285.png,2
73/286.png,2
73/287.png,2
73/288.png,2
73/289.png,2
73/290.png,2
73/291.png,2
73/292.png,2
73/293.png,2
73/294.png,2
73/295.png,2
73/296.png,2
73/297.png,2
73/298.png,2
73/299.png,2
73/300.png,2
73/301.png,2
73/302.png,2
73/303.png,2
73/304.png,2
73/305.png,2
73/306.png,2
73/307.png,2
73/308.png,2
73/309.png,2
73/310.png,2
73/311.png,2
73/312.png,2
73/313.png,2
73/314.png,2
73/315.png,2
73/316.png,2
73/317.png,2
73/318.png,2
73/319.png,2
73/320.png,2
73/321.png,2
73/322.png,2
73/323.png,2
73/324.png,2
73/325.png,2
73/326.png,2
73/327.png,2
73/328.png,2
73/329.png,2
73/330.png,2
73/331.png,2
73/332.png,2
73/333.png,2
73/334.png,2
73/335.png,2
73/336.png,2
73/337.png,2
73/338.png,2
73/339.png,2
73/340.png,2
73/341.png,2
73/342.png,2
73/343.png,2
73/344.png,2
73/345.png,2
73/346.png,2
73/347.png,2
73/348.png,2
73/349.png,2
73/350.png,2
73/351.png,2
73/352.png,2
73/353.png,2
73/354.png,2
73/355.png,2
73/356.png,2
73/357.png,2
73/358.png,2
73/359.png,2
73/360.png,2
73/361.png,2
73/362.png,2
73/363.png,2
73/364.png,2
73/365.png,2
73/366.png,2
73/367.png,2
73/368.png,2
73/369.png,2
73/370.png,2
73/371.png,2
73/372.png,2
73/373.png,2
73/374.png,2
73/375.png,2
73/376.png,2
73/377.png,2
73/378.png,2
73/379.png,2
73/380.png,2
73/381.png,2
73/382.png,2
73/383.png,2
73/384.png,2
73/385.png,2
73/386.png,2
73/387.png,2
73/388.png,2
73/389.png,2
73/390.png,2
73/391.png,2
73/392.png,2
73/393.png,2
73/394.png,2
73/395.png,2
73/396.png,2
73/397.png,2
73/398.png,2
73/399.png,2
73/400.png,2
73/401.png,2
73/402.png,2
73/403.png,2
73/404.png,2
73/405.png,2
73/406.png,2
73/407.png,2
73/408.png,2
73/409.png,2
73/410.png,2
73/411.png,2
73/412.png,2
73/413.png,2
73/414.png,2
73/415.png,2
73/416.png,2
73/417.png,2
73/418.png,2
73/419.png,2
73/420.png,2
73/421.png,2
73/422.png,2
73/423.png,2
73/424.png,2
73/425.png,2
73/426.png,2
73/427.png,2
73/428.png,2
73/429.png,2
73/430.png,2
73/431.png,2
73/432.png,2
73/433.png,2
73/434.png,2
73/435.png,2
73/436.png,2
73/437.png,2
73/438.png,2
73/439.png,2
73/440.png,2
73/441.png,2
73/442.png,2
73/443.png,2
73/444.png,2
73/445.png,2
73/446.png,2
73/447.png,2
73/448.png,2
73/449.png,2
73/450.png,2
73/451.png,2
73/452.png,2
73/453.png,2
73/454.png,2
73/455.png,2
73/456.png,2
73/457.png,2
73/458.png,2
73/459.png,2
73/460.png,2
73/461.png,2
73/462.png,2
73/463.png,2
73/464.png,2
73/465.png,2
73/466.png,2
73/467.png,2
73/468.png,2
73/469.png,2
73/470.png,2
73/471.png,2
73/472.png,2
73/473.png,2
73/474.png,2
73/475.png,2
73/476.png,2
73/477.png,2
73/478.png,2
73/479.png,2
73/480.png,2
73/481.png,2
73/482.png,2
73/483.png,2
73/484.png,2
73/485.png,2
73/486.png,2
73/487.png,2
73/488.png,2
73/489.png,2
73/490.png,2
73/491.png,2
73/492.png,2
73/493.png,2
73/494.png,2
73/495.png,2
73/496.png,2
73/497.png,2
73/498.png,2
73/499.png,2
73/500.png,2
73/501.png,2
73/502.png,2
73/503.png,2
73/504.png,2
73/505.png,2
73/506.png,2
73/507.png,2
73/508.png,2
73/509.png,2
73/510.png,2
73/511.png,2
73/512.png,2
73/513.png,2
73/514.png,2
73/515.png,2
73/516.png,2
73/517.png,2
73/518.png,2
73/519.png,2
73/520.png,2
73/521.png,2
73/522.png,2
73/523.png,2
73/524.png,2
73/525.png,2
73/526.png,2
73/527.png,2
73/528.png,2
73/529.png,2
73/530.png,2
73/531.png,2
73/532.png,2
73/533.png,2
73/534.png,2
73/535.png,2
73/536.png,2
73/537.png,2
73/538.png,2
73/539.png,2
73/540.png,2
73/541.png,2
73/542.png,2
73/543.png,2
73/544.png,2
73/545.png,2
73/546.png,2
73/547.png,2
73/548.png,2
73/549.png,2
73/550.png,2
73/551.png,2
73/552.png,2
73/553.png,2
73/554.png,2
73/555.png,2
73/556.png,2
73/557.png,2
73/558.png,2
73/559.png,2
73/560.png,2
73/561.png,2
73/562.png,2
73/563.png,2
73/564.png,2
73/565.png,2
73/566.png,2
73/567.png,2
73/568.png,2
73/569.png,2
73/570.png,2
73/571.png,2
73/572.png,2
73/573.png,2
73/574.png,2
73/575.png,2
73/576.png,2
73/577.png,2
73/578.png,2
73/579.png,2
73/580.png,2
73/581.png,2
73/582.png,2
73/583.png,2
73/584.png,2
73/585.png,2
73/586.png,2
73/587.png,2
73/588.png,2
73/589.png,2
73/590.png,2
73/591.png,2
73/592.png,2
73/593.png,2
73/594.png,2
73/595.png,2
73/596.png,2
73/597.png,2
73/598.png,2
73/599.png,2
73/600.png,2
73/601.png,2
73/602.png,2
73/603.png,2
73/604.png,2
73/605.png,2
73/606.png,2
73/607.png,2
73/608.png,2
73/609.png,2
73/610.png,2
73/611.png,2
73/612.png,2
73/613.png,2
73/614.png,2
73/615.png,2
73/616.png,2
73/617.png,2
73/618.png,2
73/619.png,2
73/620.png,2
73/621.png,2
73/622.png,2
73/623.png,2
73/624.png,2
73/625.png,2
73/626.png,2
73/627.png,2
73/628.png,2
73/629.png,2
73/630.png,2
73/631.png,2
73/632.png,2
73/633.png,2
73/634.png,2
73/635.png,2
73/636.png,2
73/637.png,2
73/638.png,2
73/639.png,2
73/640.png,2
73/641.png,2
73/642.png,2
73/643.png,2
73/644.png,2
73/645.png,2
73/646.png,2
73/647.png,2
73/648.png,2
73/649.png,2
73/650.png,2
73/651.png,2
73/652.png,2
73/653.png,2
73/654.png,2
73/655.png,2
73/656.png,2
73/657.png,2
73/658.png,2
73/659.png,2
73/660.png,2
73/661.png,2
73/662.png,2
73/663.png,2
73/664.png,2
73/665.png,2
73/666.png,2
73/667.png,2
73/668.png,2
73/669.png,2
73/670.png,2
73/671.png,2
73/672.png,2
73/673.png,2
73/674.png,2
73/675.png,2
73/676.png,2
73/677.png,2
73/678.png,2
73/679.png,2
73/680.png,2
73/681.png,2
73/682.png,2
73/683.png,2
73/684.png,2
73/685.png,2
73/686.png,2
73/687.png,2
73/688.png,2
73/689.png,2
73/690.png,2
73/691.png,2
73/692.png,2
73/693.png,2
73/694.png,2
73/695.png,2
73/696.png,2
73/697.png,2
73/698.png,2
73/699.png,2
73/700.png,2
73/701.png,2
73/702.png,2
73/703.png,2
73/704.png,2
73/705.png,2
73/706.png,2
73/707.png,2
73/708.png,2
73/709.png,2
73/710.png,2
73/711.png,2
73/712.png,2
73/713.png,2
73/714.png,2
73/715.png,2
73/716.png,2
73/717.png,2
73/718.png,2
73/719.png,2
73/720.png,2
73/721.png,2
73/722.png,2
73/723.png,2
73/724.png,2
73/725.png,2
73/726.png,2
73/727.png,2
73/728.png,3
73/729.png,3
73/730.png,3
73/731.png,3
73/732.png,3
73/733.png,3
73/734.png,3
73/735.png,3
73/736.png,3
73/737.png,3
73/738.png,3
73/739.png,3
73/740.png,3
73/741.png,3
73/742.png,3
73/743.png,3
73/744.png,3
73/745.png,3
73/746.png,3
73/747.png,3
73/748.png,3
73/749.png,3
73/750.png,3
73/751.png,3
73/752.png,3
73/753.png,3
73/754.png,3
73/755.png,3
73/756.png,3
73/757.png,3
73/758.png,3
73/759.png,3
73/760.png,3
73/761.png,3
73/762.png,3
73/763.png,3
73/764.png,3
73/765.png,3
73/766.png,3
73/767.png,3
73/768.png,3
73/769.png,3
73/770.png,3
73/771.png,3
73/772.png,3
73/773.png,3
73/774.png,3
73/775.png,3
73/776.png,3
73/777.png,3
73/778.png,3
73/779.png,3
73/780.png,3
73/781.png,3
73/782.png,3
73/783.png,3
73/784.png,3
73/785.png,3
73/786.png,3
73/787.png,3
73/788.png,3
73/789.png,3
73/790.png,3
73/791.png,3
73/792.png,3
73/793.png,3
73/794.png,3
73/795.png,3
73/796.png,3
73/797.png,3
73/798.png,3
73/799.png,3
73/800.png,3
73/801.png,3
73/802.png,3
73/803.png,3
73/804.png,3
73/805.png,3
73/806.png,3
73/807.png,3
73/808.png,3
73/809.png,3
73/810.png,3
73/811.png,3
73/812.png,3
73/813.png,3
73/814.png,3
73/815.png,3
73/816.png,3
73/817.png,3
73/818.png,3
73/819.png,3
73/820.png,3
73/821.png,3
73/822.png,3
73/823.png,3
73/824.png,3
73/825.png,3
73/826.png,3
73/827.png,3
73/828.png,3
73/829.png,3
73/830.png,3
73/831.png,3
73/832.png,4
73/833.png,4
73/834.png,4
73/835.png,4
73/836.png,4
73/837.png,4
73/838.png,4
73/839.png,4
73/840.png,4
73/841.png,4
73/842.png,4
73/843.png,4
73/844.png,4
73/845.png,4
73/846.png,4
73/847.png,4
73/848.png,4
73/849.png,4
73/850.png,4
73/851.png,4
73/852.png,4
73/853.png,4
73/854.png,4
73/855.png,4
73/856.png,4
73/857.png,4
73/858.png,4
73/859.png,4
73/860.png,4
73/861.png,4
73/862.png,4
73/863.png,4
73/864.png,4
73/865.png,4
73/866.png,4
73/867.png,4
73/868.png,4
73/869.png,4
73/870.png,4
73/871.png,4
73/872.png,4
73/873.png,4
73/874.png,4
73/875.png,4
73/876.png,4
73/877.png,4
73/878.png,4
73/879.png,4
73/880.png,4
73/881.png,4
73/882.png,4
73/883.png,4
73/884.png,4
73/885.png,4
73/886.png,4
73/887.png,4
73/888.png,4
73/889.png,4
73/890.png,4
73/891.png,4
73/892.png,4
73/893.png,4
73/894.png,4
73/895.png,4
73/896.png,4
73/897.png,4
73/898.png,4
73/899.png,4
73/900.png,4
73/901.png,4
73/902.png,4
73/903.png,4
73/904.png,4
73/905.png,4
73/906.png,4
73/907.png,4
73/908.png,4
73/909.png,4
73/910.png,4
73/911.png,4
73/912.png,4
73/913.png,4
73/914.png,4
73/915.png,4
73/916.png,4
73/917.png,4
73/918.png,4
73/919.png,4
73/920.png,4
73/921.png,4
73/922.png,4
73/923.png,4
73/924.png,4
73/925.png,4
73/926.png,4
73/927.png,4
73/928.png,4
73/929.png,4
73/930.png,4
73/931.png,4
73/932.png,4
73/933.png,4
73/934.png,4
73/935.png,4
73/936.png,4
73/937.png,4
73/938.png,4
73/939.png,4
73/940.png,4
73/941.png,4
73/942.png,4
73/943.png,4
73/944.png,4
73/945.png,4
73/946.png,4
73/947.png,4
73/948.png,4
73/949.png,4
73/950.png,4
73/951.png,4
73/952.png,4
73/953.png,4
73/954.png,4
73/955.png,4
73/956.png,4
73/957.png,4
73/958.png,4
73/959.png,4
73/960.png,4
73/961.png,4
73/962.png,4
73/963.png,4
73/964.png,4
73/965.png,4
73/966.png,4
73/967.png,4
73/968.png,4
73/969.png,4
73/970.png,4
73/971.png,4
73/972.png,4
73/973.png,4
73/974.png,4
73/975.png,4
73/976.png,4
73/977.png,4
73/978.png,4
73/979.png,4
73/980.png,4
73/981.png,4
73/982.png,4
73/983.png,4
73/984.png,4
73/985.png,4
73/986.png,4
73/987.png,4
73/988.png,4
73/989.png,4
73/990.png,4
73/991.png,4
73/992.png,4
73/993.png,4
73/994.png,4
73/995.png,4
73/996.png,4
73/997.png,4
73/998.png,4
73/999.png,4
73/1000.png,4
73/1001.png,4
73/1002.png,4
73/1003.png,4
73/1004.png,4
73/1005.png,4
73/1006.png,4
73/1007.png,4
73/1008.png,4
73/1009.png,4
73/1010.png,4
73/1011.png,4
73/1012.png,4
73/1013.png,4
73/1014.png,4
73/1015.png,4
73/1016.png,4
73/1017.png,4
73/1018.png,4
73/1019.png,4
73/1020.png,4
73/1021.png,4
73/1022.png,4
73/1023.png,4
73/1024.png,4
73/1025.png,4
73/1026.png,4
73/1027.png,4
73/1028.png,4
73/1029.png,4
73/1030.png,4
73/1031.png,4
73/1032.png,4
73/1033.png,4
73/1034.png,4
73/1035.png,4
73/1036.png,4
73/1037.png,4
73/1038.png,4
73/1039.png,4
73/1040.png,4
73/1041.png,4
73/1042.png,4
73/1043.png,4
73/1044.png,4
73/1045.png,4
73/1046.png,4
73/1047.png,4
73/1048.png,4
73/1049.png,4
73/1050.png,4
73/1051.png,4
73/1052.png,4
73/1053.png,4
73/1054.png,4
73/1055.png,4
73/1056.png,4
73/1057.png,4
73/1058.png,4
73/1059.png,4
73/1060.png,4
73/1061.png,4
73/1062.png,4
73/1063.png,4
73/1064.png,4
73/1065.png,4
73/1066.png,4
73/1067.png,4
73/1068.png,4
73/1069.png,4
73/1070.png,4
73/1071.png,4
73/1072.png,4
73/1073.png,4
73/1074.png,4
73/1075.png,4
73/1076.png,4
73/1077.png,4
73/1078.png,4
73/1079.png,4
73/1080.png,4
73/1081.png,4
73/1082.png,4
73/1083.png,4
73/1084.png,4
73/1085.png,4
73/1086.png,4
73/1087.png,4
73/1088.png,4
73/1089.png,4
73/1090.png,4
73/1091.png,4
73/1092.png,4
73/1093.png,4
73/1094.png,4
73/1095.png,4
73/1096.png,4
73/1097.png,4
73/1098.png,4
73/1099.png,4
73/1100.png,4
73/1101.png,4
73/1102.png,4
73/1103.png,4
73/1104.png,4
73/1105.png,4
73/1106.png,4
73/1107.png,4
73/1108.png,4
73/1109.png,4
73/1110.png,4
73/1111.png,4
73/1112.png,4
73/1113.png,4
73/1114.png,4
73/1115.png,4
73/1116.png,4
73/1117.png,4
73/1118.png,4
73/1119.png,5
73/1120.png,5
73/1121.png,5
73/1122.png,5
73/1123.png,5
73/1124.png,5
73/1125.png,5
73/1126.png,5
73/1127.png,5
73/1128.png,5
73/1129.png,5
73/1130.png,5
73/1131.png,5
73/1132.png,5
73/1133.png,5
73/1134.png,5
73/1135.png,5
73/1136.png,5
73/1137.png,5
73/1138.png,5
73/1139.png,5
73/1140.png,5
73/1141.png,5
73/1142.png,5
73/1143.png,5
73/1144.png,5
73/1145.png,5
73/1146.png,5
73/1147.png,5
73/1148.png,5
73/1149.png,5
73/1150.png,5
73/1151.png,5
73/1152.png,5
73/1153.png,5
73/1154.png,5
73/1155.png,5
73/1156.png,5
73/1157.png,5
73/1158.png,5
73/1159.png,5
73/1160.png,5
73/1161.png,5
73/1162.png,5
73/1163.png,5
73/1164.png,5
73/1165.png,5
73/1166.png,6
73/1167.png,6
73/1168.png,6
73/1169.png,6
73/1170.png,6
73/1171.png,6
73/1172.png,6
73/1173.png,6
73/1174.png,6
73/1175.png,6
73/1176.png,6
73/1177.png,6
73/1178.png,6
73/1179.png,6
73/1180.png,6
73/1181.png,6
73/1182.png,6
73/1183.png,6
73/1184.png,6
73/1185.png,6
73/1186.png,6
73/1187.png,6
73/1188.png,6
73/1189.png,6
73/1190.png,6
73/1191.png,6
73/1192.png,6
73/1193.png,6
73/1194.png,6
73/1195.png,6
73/1196.png,6
73/1197.png,6
73/1198.png,6
73/1199.png,6
73/1200.png,6
73/1201.png,6
73/1202.png,6
73/1203.png,6
73/1204.png,6
73/1205.png,6
73/1206.png,6
73/1207.png,6
73/1208.png,6
73/1209.png,6
73/1210.png,6
73/1211.png,6
73/1212.png,6
73/1213.png,6
73/1214.png,6
73/1215.png,6
73/1216.png,6
73/1217.png,6
73/1218.png,6
73/1219.png,6
73/1220.png,6
73/1221.png,6
73/1222.png,6
73/1223.png,6
73/1224.png,6
73/1225.png,6
73/1226.png,6
73/1227.png,6
73/1228.png,6
73/1229.png,6
73/1230.png,6
73/1231.png,6
73/1232.png,6
73/1233.png,6
73/1234.png,6
73/1235.png,6
73/1236.png,6
73/1237.png,6
73/1238.png,6
73/1239.png,6
73/1240.png,6
73/1241.png,6
73/1242.png,6
73/1243.png,6
73/1244.png,6
73/1245.png,6
73/1246.png,6
73/1247.png,6
73/1248.png,6
73/1249.png,6
73/1250.png,6
73/1251.png,6
73/1252.png,6
73/1253.png,6
73/1254.png,6
73/1255.png,6
73/1256.png,6
73/1257.png,6
73/1258.png,6
73/1259.png,6
73/1260.png,6
73/1261.png,6
73/1262.png,6
73/1263.png,6
73/1264.png,6
73/1265.png,6
73/1266.png,6
73/1267.png,6
73/1268.png,6
73/1269.png,6
73/1270.png,6
73/1271.png,6
73/1272.png,6
73/1273.png,6
73/1274.png,6
73/1275.png,6
73/1276.png,6
73/1277.png,6
73/1278.png,6
73/1279.png,6
73/1280.png,6
73/1281.png,6
73/1282.png,6
73/1283.png,6
73/1284.png,6
73/1285.png,7
73/1286.png,7
73/1287.png,7
73/1288.png,7
73/1289.png,7
73/1290.png,7
73/1291.png,7
73/1292.png,7
73/1293.png,7
73/1294.png,7
73/1295.png,7
73/1296.png,7
73/1297.png,7
73/1298.png,7
73/1299.png,7
73/1300.png,7
73/1301.png,7
73/1302.png,7
73/1303.png,7
73/1304.png,7
73/1305.png,7
73/1306.png,7
73/1307.png,7
73/1308.png,7
73/1309.png,7
73/1310.png,7
73/1311.png,7
73/1312.png,7
73/1313.png,7
73/1314.png,7
73/1315.png,7
73/1316.png,7
73/1317.png,7
73/1318.png,7
73/1319.png,7
73/1320.png,7
73/1321.png,7
73/1322.png,7
73/1323.png,7
73/1324.png,7
73/1325.png,7
73/1326.png,7
73/1327.png,7
73/1328.png,7
73/1329.png,7
73/1330.png,7
73/1331.png,7
73/1332.png,7
73/1333.png,7
73/1334.png,7
73/1335.png,7
73/1336.png,7
73/1337.png,7
73/1338.png,7
73/1339.png,7
73/1340.png,7
73/1341.png,7
73/1342.png,7
73/1343.png,7
73/1344.png,7
73/1345.png,7
73/1346.png,7
73/1347.png,7
73/1348.png,7
73/1349.png,7
73/1350.png,7
73/1351.png,7
73/1352.png,7
73/1353.png,7
73/1354.png,7
73/1355.png,7
73/1356.png,7
